fid(s),is_no_add,is_med_action,dbtable,select_cols,where_conditions,transform_func_id,
age,yes,no,"""Demographics""","""AgeDuringVisit""",,convert_age_to_int,
gender,yes,no,"""Demographics""","""Gender""",,convert_gender_to_int,
discharge,yes,no,"""Demographics""","cast(""HOSP_DISCH_TIME"" as timestamptz),""DischargeDepartment"",""DischargeDisposition""","WHERE ""HOSP_DISCH_TIME"" is not null",load_discharge_json,
aids_diag,yes,no,"""Diagnoses""","""Code""","WHERE ""Code"" LIKE '042%'",,
aids_hist,yes,no,"""MedicalHistory""","""Code""","WHERE ""Code"" LIKE '042%'",,
amoxicillin_dose,no,yes,"""MedicationAdministration""","""MEDICATION_ID"",""MedRoute"",""display_name"", ""TimeActionTaken"", ""ORDER_INST"", ""ActionTaken"", ""Dose"", ""MedUnit"",""INFUSION_RATE"",""MAR_INF_RATE_UNIT"",""mar_duration"",""MAR_DURATION_UNIT""","WHERE ""display_name"" ILIKE 'amoxicillin%' AND NOT ""display_name"" ILIKE ANY ('{""%gel%"",""%vaginal%"",""%cream%"",""%ophthalmic%"",""%ointment%"",""%nebulizer%"",""%drop%""}')",convert_amoxicillin_dose_to_mg,
ampicillin_dose,no,yes,"""MedicationAdministration""","""MEDICATION_ID"",""MedRoute"",""display_name"", ""TimeActionTaken"", ""ORDER_INST"", ""ActionTaken"", ""Dose"", ""MedUnit"",""INFUSION_RATE"",""MAR_INF_RATE_UNIT"",""mar_duration"",""MAR_DURATION_UNIT""","WHERE ""display_name"" ILIKE 'ampicillin%' AND NOT ""display_name"" ILIKE ANY ('{""%gel%"",""%vaginal%"",""%cream%"",""%ophthalmic%"",""%ointment%"",""%nebulizer%"",""%drop%""}')",convert_to_mg,
arterial_ph,yes,no,"""Labs""","""BASE_NAME"", ""RESULT_TIME"", ""ResultValue""","WHERE ""BASE_NAME"" LIKE 'PHART'",convert_arterial_ph_to_real,
bilirubin,yes,no,"""Labs""","""BASE_NAME"", ""RESULT_TIME"", ""ResultValue""","WHERE ""BASE_NAME"" LIKE 'BILITOT'",threshold_bilirubin,
bun,yes,no,"""Labs""","""BASE_NAME"", ""RESULT_TIME"", ""ResultValue""","WHERE ""BASE_NAME"" LIKE 'BUN'",convert_bun_to_real,
bun_to_cr,yes,no,"""Labs""","""BASE_NAME"", ""RESULT_TIME"", ""ResultValue""","WHERE ""BASE_NAME"" LIKE 'BCR'",,
cefazolin_dose,no,yes,"""MedicationAdministration""","""MEDICATION_ID"",""MedRoute"",""display_name"", ""TimeActionTaken"", ""ORDER_INST"", ""ActionTaken"", ""Dose"", ""MedUnit"",""INFUSION_RATE"",""MAR_INF_RATE_UNIT"",""mar_duration"",""MAR_DURATION_UNIT""","WHERE ""display_name"" ILIKE 'cefazolin%' AND NOT ""display_name"" ILIKE ANY ('{""%gel%"",""%vaginal%"",""%cream%"",""%ophthalmic%"",""%ointment%"",""%nebulizer%"",""%drop%""}')",convert_to_mg,
ceftazidime_dose,no,yes,"""MedicationAdministration""","""MEDICATION_ID"",""MedRoute"",""display_name"", ""TimeActionTaken"", ""ORDER_INST"", ""ActionTaken"", ""Dose"", ""MedUnit"",""INFUSION_RATE"",""MAR_INF_RATE_UNIT"",""mar_duration"",""MAR_DURATION_UNIT""","WHERE ""display_name"" ILIKE 'ceftazidime%' AND NOT ""display_name"" ILIKE ANY ('{""%gel%"",""%vaginal%"",""%cream%"",""%ophthalmic%"",""%ointment%"",""%nebulizer%"",""%drop%""}')",convert_to_mg,
clindamycin_dose,no,yes,"""MedicationAdministration""","""MEDICATION_ID"",""MedRoute"",""display_name"", ""TimeActionTaken"", ""ORDER_INST"", ""ActionTaken"", ""Dose"", ""MedUnit"",""INFUSION_RATE"",""MAR_INF_RATE_UNIT"",""mar_duration"",""MAR_DURATION_UNIT""","WHERE ""display_name"" ILIKE 'clindamycin%' AND NOT ""display_name"" ILIKE ANY ('{""%gel%"",""%vaginal%"",""%cream%"",""%ophthalmic%"",""%ointment%"",""%nebulizer%"",""%drop%""}')",convert_clindamycin_dose_to_mg,
co2,yes,no,"""Labs""","""BASE_NAME"", ""RESULT_TIME"", ""ResultValue""","WHERE ""BASE_NAME"" LIKE 'CO2'",convert_co2_to_real,
creatinine,yes,no,"""Labs""","""BASE_NAME"", ""RESULT_TIME"", ""ResultValue""","WHERE ""BASE_NAME"" LIKE 'CREATININE'",convert_creatinine_to_real,
ddimer,yes,no,"""Labs""","""BASE_NAME"", ""RESULT_TIME"", ""ResultValue""","WHERE ""BASE_NAME"" = 'DDIMER'",cast_string_to_real,
diabetes_diag,yes,no,"""Diagnoses""","""Code""","WHERE ""Code"" LIKE '250%'",,
diabetes_hist,yes,no,"""MedicalHistory""","""Code""","WHERE ""Code"" LIKE '250%'",,
dialysis_diag,yes,no,"""Diagnoses""","""Code""","WHERE ""Code"" LIKE 'V45.1%'",,
dialysis_hist,yes,no,"""MedicalHistory""","""Code""","WHERE ""Code"" LIKE 'V45.1%'",,
dobutamine_dose,no,yes,"""MedicationAdministration""","""MEDICATION_ID"",""MedRoute"",""display_name"", ""TimeActionTaken"", ""ORDER_INST"", ""ActionTaken"", ""Dose"", ""MedUnit"",""INFUSION_RATE"",""MAR_INF_RATE_UNIT"",""mar_duration"",""MAR_DURATION_UNIT""","WHERE ""display_name"" ILIKE '%dobutamine%' AND NOT ""display_name"" ILIKE ANY ('{""%gel%"",""%vaginal%"",""%cream%"",""%ophthalmic%"",""%ointment%"",""%nebulizer%"",""%drop%""}')",convert_to_mcg_kg_min,
dopamine_dose,no,yes,"""MedicationAdministration""","""MEDICATION_ID"",""MedRoute"",""display_name"", ""TimeActionTaken"", ""ORDER_INST"", ""ActionTaken"", ""Dose"", ""MedUnit"",""INFUSION_RATE"",""MAR_INF_RATE_UNIT"",""mar_duration"",""MAR_DURATION_UNIT""","WHERE ""display_name"" ILIKE '%dopamine%' AND NOT ""display_name"" ILIKE ANY ('{""%gel%"",""%vaginal%"",""%cream%"",""%ophthalmic%"",""%ointment%"",""%nebulizer%"",""%drop%""}')",convert_to_mcg_kg_min,
milrinone_dose,no,yes,"""MedicationAdministration""","""MEDICATION_ID"",""MedRoute"",""display_name"", ""TimeActionTaken"", ""ORDER_INST"", ""ActionTaken"", ""Dose"", ""MedUnit"",""INFUSION_RATE"",""MAR_INF_RATE_UNIT"",""mar_duration"",""MAR_DURATION_UNIT""","WHERE ""display_name"" ILIKE 'milrinone%' AND NOT ""display_name"" ILIKE ANY ('{""%gel%"",""%vaginal%"",""%cream%"",""%ophthalmic%"",""%ointment%"",""%nebulizer%"",""%drop%""}')",convert_to_mcg_kg_min,
epinephrine_dose,no,yes,"""MedicationAdministration""","""MEDICATION_ID"",""MedRoute"",""display_name"", ""TimeActionTaken"", ""ORDER_INST"", ""ActionTaken"", ""Dose"", ""MedUnit"",""INFUSION_RATE"",""MAR_INF_RATE_UNIT"",""mar_duration"",""MAR_DURATION_UNIT""","WHERE ""display_name"" ILIKE 'epinephrine%' AND NOT ""display_name"" ILIKE ANY ('{""%gel%"",""%vaginal%"",""%cream%"",""%ophthalmic%"",""%ointment%"",""%nebulizer%"",""%drop%""}')",convert_to_mcg_min,
erythromycin_dose,no,yes,"""MedicationAdministration""","""MEDICATION_ID"",""MedRoute"",""display_name"", ""TimeActionTaken"", ""ORDER_INST"", ""ActionTaken"", ""Dose"", ""MedUnit"",""INFUSION_RATE"",""MAR_INF_RATE_UNIT"",""mar_duration"",""MAR_DURATION_UNIT""","WHERE ""display_name"" ILIKE 'erythromycin%' AND NOT ""display_name"" ILIKE ANY ('{""%gel%"",""%vaginal%"",""%cream%"",""%ophthalmic%"",""%ointment%"",""%nebulizer%"",""%drop%""}')",convert_to_mg,
fio2,yes,no,"""FlowsheetValue""","""FLO_MEAS_NAME"", ""TimeTaken"", ""Value""","WHERE ""FLO_MEAS_NAME"" LIKE ANY ('{""R JHM IP RT VENT FIO2 - PS/VS VENT"",""R FIO2"",""JHM IP RT NPPV FIO2"",""JHM IP RT VENT FIO2 - PCAC VENT"",""JHM IP RT VENT FIO2 - SIMV/VC VENT"",""JHM IP RT VENT FIO2 - APRV VENT"",""JHM IP RT VENT FIO2 - PRVC VENT"",""JHM IP RT VENT FIO2"",""JHM IP RT VENT FIO2 - SIMV/PRVC VENT"",""R JHM IP MEASURED FIO2"",""JHM IP RT VENT FIO2 - SIMV/PC VENT"",""JHM IP RT NPPV SET FIO2"",""JHM IP RT VENT FIO2 - CPAP VENT"",""JHM IP RT VENT FIO2 - VCAC VENT"",""JHM IP RT VENT FIO2 - PRVC VENT""}')",threshold_fio2,
fluids_intake,no,no,"""FlowsheetValue_643""","""FLO_MEAS_NAME"", ""TimeTaken"", ""Value""","WHERE ""FLO_MEAS_ID"" in ('52', '55', '16304', '331317', '7071002', '7070009', '3040101336', '3040100475', '3040101332')",,
gcs,yes,no,"""FlowsheetValue""","""FLO_MEAS_NAME"", ""TimeTaken"", ""Value""","WHERE ""FLO_MEAS_NAME"" LIKE ANY ('{""R CPN GLASGOW COMA SCALE SCORE"",""R CPN GLASGOW COMA SCALE SCORE 2""}')",threshold_gcs,
gentamicin_dose,no,yes,"""MedicationAdministration""","""MEDICATION_ID"",""MedRoute"",""display_name"", ""TimeActionTaken"", ""ORDER_INST"", ""ActionTaken"", ""Dose"", ""MedUnit"",""INFUSION_RATE"",""MAR_INF_RATE_UNIT"",""mar_duration"",""MAR_DURATION_UNIT""","WHERE ""display_name"" ILIKE 'gentamicin%' AND NOT ""display_name"" ILIKE ANY ('{""%gel%"",""%vaginal%"",""%cream%"",""%ophthalmic%"",""%ointment%"",""%nebulizer%"",""%drop%""}')",convert_gentamicin_dose_to_mg,
heart_failure_diag,yes,no,"""Diagnoses""","""Code""","WHERE ""Code"" LIKE '428%'",,
heart_failure_hist,yes,no,"""MedicalHistory""","""Code""","WHERE ""Code"" LIKE '428%'",,
heart_rate,yes,no,"""FlowsheetValue""","""FLO_MEAS_NAME"", ""TimeTaken"", ""Value""","WHERE ""FLO_MEAS_NAME"" LIKE ANY ('{""PULSE"",""R ED PULSE LYING"",""R JHM IP PT NEW PULSE"",""R JHM OP OT NEW PULSE""}')",threshold_heart_rate,
hem_malig_diag,yes,no,"""Diagnoses""","""Code""","WHERE ""Code"" LIKE ANY ('{""200%"",""201%"",""202%"",""203%"",""204%"",""205%"",""206%"",""207%"",""208%""}')",,
hematocrit,yes,no,"""Labs""","""BASE_NAME"", ""RESULT_TIME"", ""ResultValue""","WHERE ""BASE_NAME"" LIKE 'HCT'",threshold_hematocrit,
hemoglobin,yes,no,"""Labs""","""BASE_NAME"", ""RESULT_TIME"", ""ResultValue""","WHERE ""BASE_NAME"" LIKE ANY ('{""HGB"",""HGBWB""}')",threshold_hemoglobin,
immuno_comp_hist,yes,no,"""MedicalHistory""","""Code""","WHERE ""Code"" LIKE ANY ('{""V58.65%"",""V58.0%"",""V58.1%"",""042%"",""208.0%"",""202.%""}')",,
immuno_comp_diag,yes,no,"""Diagnoses""","""Code""","WHERE ""Code"" LIKE ANY ('{""V58.65%"",""V58.0%"",""V58.1%"",""042%"",""208.0%"",""202.%""}')",,
infections_angus_diag,yes,no,"""Diagnoses""","""Code""","WHERE ""Code"" LIKE ANY ('{""001%"",""002%"",""003%"",""004%"",""005%"",""008%"",""009%"",""010%"",""011%"",""012%"",""013%"",""014%"",""015%"",""016%"",""017%"",""018%"",""019%"",""020%"",""021%"",""022%"",""023%"",""024%"",""025%"",""026%"",""027%"",""030%"",""031%"",""032%"",""033%"",""034%"",""035%"",""037%"",""038%"",""039%"",""040%"",""041%"",""090%"",""091%"",""092%"",""093%"",""094%"",""095%"",""096%"",""097%"",""098%"",""100%"",""101%"",""102%"",""103%"",""104%"",""110%"",""111%"",""112%"",""114%"",""115%"",""116%"",""117%"",""118%"",""320%"",""322%"",""324%"",""325%"",""420%"",""421%"",""451%"",""461%"",""462%"",""463%"",""464%"",""465%"",""481%"",""482%"",""485%"",""486%"",""491.21%"",""494%"",""510%"",""513%"",""540%"",""541%"",""542%"",""562.01%"",""562.03%"",""562.11%"",""562.13%"",""566%"",""567%"",""569.5%"",""569.83%"",""572.0%"",""572.1%"",""575.0%"",""590%"",""597%"",""599.0%"",""601%"",""614%"",""615%"",""616%"",""681%"",""682%"",""683%"",""686%"",""711.0%"",""730%"",""790.7%"",""996.6%"",""998.5%"",""999.3%""}')",,
infections_angus_hist,yes,no,"""MedicalHistory""","""Code""","WHERE ""Code"" LIKE ANY ('{""001%"",""002%"",""003%"",""004%"",""005%"",""008%"",""009%"",""010%"",""011%"",""012%"",""013%"",""014%"",""015%"",""016%"",""017%"",""018%"",""019%"",""020%"",""021%"",""022%"",""023%"",""024%"",""025%"",""026%"",""027%"",""030%"",""031%"",""032%"",""033%"",""034%"",""035%"",""037%"",""038%"",""039%"",""040%"",""041%"",""090%"",""091%"",""092%"",""093%"",""094%"",""095%"",""096%"",""097%"",""098%"",""100%"",""101%"",""102%"",""103%"",""104%"",""110%"",""111%"",""112%"",""114%"",""115%"",""116%"",""117%"",""118%"",""320%"",""322%"",""324%"",""325%"",""420%"",""421%"",""451%"",""461%"",""462%"",""463%"",""464%"",""465%"",""481%"",""482%"",""485%"",""486%"",""491.21%"",""494%"",""510%"",""513%"",""540%"",""541%"",""542%"",""562.01%"",""562.03%"",""562.11%"",""562.13%"",""566%"",""567%"",""569.5%"",""569.83%"",""572.0%"",""572.1%"",""575.0%"",""590%"",""597%"",""599.0%"",""601%"",""614%"",""615%"",""616%"",""681%"",""682%"",""683%"",""686%"",""711.0%"",""730%"",""790.7%"",""996.6%"",""998.5%"",""999.3%""}')",,
inr,yes,no,"""Labs""","""BASE_NAME"", ""RESULT_TIME"", ""ResultValue""","WHERE ""BASE_NAME"" LIKE 'INR'",convert_inr_to_real,
lactate,yes,no,"""Labs""","""BASE_NAME"", ""RESULT_TIME"", ""ResultValue""","WHERE ""BASE_NAME"" = 'LACTATE' or ""BASE_NAME"" = 'LACTATEWB'",convert_lactate_to_real,
levophed_infusion_dose,no,yes,"""MedicationAdministration""","""MEDICATION_ID"",""MedRoute"",""display_name"", ""TimeActionTaken"", ""ORDER_INST"", ""ActionTaken"", ""Dose"", ""MedUnit"",""INFUSION_RATE"",""MAR_INF_RATE_UNIT"",""mar_duration"",""MAR_DURATION_UNIT""","WHERE ""display_name"" ILIKE 'norepinephrine%' AND NOT ""display_name"" ILIKE ANY ('{""%injection%"",""%gel%"",""%vaginal%"",""%cream%"",""%ophthalmic%"",""%ointment%"",""%nebulizer%"",""%drop%""}')",convert_to_mcg_min,
levophed_injection_dose,no,yes,"""MedicationAdministration""","""MEDICATION_ID"",""MedRoute"",""display_name"", ""TimeActionTaken"", ""ORDER_INST"", ""ActionTaken"", ""Dose"", ""MedUnit"",""INFUSION_RATE"",""MAR_INF_RATE_UNIT"",""mar_duration"",""MAR_DURATION_UNIT""","WHERE ""display_name"" ILIKE 'norepinephrine%' and ""display_name"" ~* 'injection' AND NOT ""display_name"" ILIKE ANY ('{""%gel%"",""%vaginal%"",""%cream%"",""%ophthalmic%"",""%ointment%"",""%nebulizer%"",""%drop%""}')",convert_to_mcg_min,
liver_disease_diag,yes,no,"""Diagnoses""","""Code""","WHERE ""Code"" LIKE '571%'",,
liver_disease_hist,yes,no,"""MedicalHistory""","""Code""","WHERE ""Code"" LIKE '571%'",,
neosynephrine_dose,no,yes,"""MedicationAdministration""","""MEDICATION_ID"",""MedRoute"",""display_name"", ""TimeActionTaken"", ""ORDER_INST"", ""ActionTaken"", ""Dose"", ""MedUnit"",""INFUSION_RATE"",""MAR_INF_RATE_UNIT"",""mar_duration"",""MAR_DURATION_UNIT""","WHERE ""display_name"" ILIKE 'phenylephrine%neo-synephrine%' AND NOT ""display_name"" ILIKE ANY ('{""%gel%"",""%vaginal%"",""%cream%"",""%ophthalmic%"",""%ointment%"",""%nebulizer%"",""%drop%""}')",convert_dose_to_binary,
meropenem_dose,no,yes,"""MedicationAdministration""","""MEDICATION_ID"",""MedRoute"",""display_name"", ""TimeActionTaken"", ""ORDER_INST"", ""ActionTaken"", ""Dose"", ""MedUnit"",""INFUSION_RATE"",""MAR_INF_RATE_UNIT"",""mar_duration"",""MAR_DURATION_UNIT""","WHERE ""display_name"" ILIKE 'meropenem%' AND NOT ""display_name"" ILIKE ANY ('{""%gel%"",""%vaginal%"",""%cream%"",""%ophthalmic%"",""%ointment%"",""%nebulizer%"",""%drop%""}')",convert_to_mg,
met_carcinoma_hist,yes,no,"""MedicalHistory""","""Code""","WHERE ""Code"" LIKE ANY ('{""140%"",""141%"",""142%"",""143%"",""144%"",""145%"",""146%"",""147%"",""148%"",""149%"",""150%"",""151%"",""152%"",""153%"",""154%"",""155%"",""156%"",""157%"",""158%"",""159%"",""160%"",""161%"",""162%"",""163%"",""164%"",""165%"",""166%"",""167%"",""168%"",""169%"",""170%"",""171%"",""172%"",""173%"",""174%"",""175%"",""179%"",""180%"",""181%"",""182%"",""183%"",""184%"",""185%"",""186%"",""187%"",""188%"",""189%"",""190%"",""191%"",""192%"",""193%"",""194%"",""195%"",""196%"",""197%"",""198%"",""199%""}')",,
met_carcinoma_diag,yes,no,"""Diagnoses""","""Code""","WHERE ""Code"" LIKE ANY ('{""140%"",""141%"",""142%"",""143%"",""144%"",""145%"",""146%"",""147%"",""148%"",""149%"",""150%"",""151%"",""152%"",""153%"",""154%"",""155%"",""156%"",""157%"",""158%"",""159%"",""160%"",""161%"",""162%"",""163%"",""164%"",""165%"",""166%"",""167%"",""168%"",""169%"",""170%"",""171%"",""172%"",""173%"",""174%"",""175%"",""179%"",""180%"",""181%"",""182%"",""183%"",""184%"",""185%"",""186%"",""187%"",""188%"",""189%"",""190%"",""191%"",""192%"",""193%"",""194%"",""195%"",""196%"",""197%"",""198%"",""199%""}')",,
nbp_dias,yes,no,"""FlowsheetValue""","""FLO_MEAS_NAME"", ""TimeTaken"", ""Value""","WHERE ""FLO_MEAS_NAME"" LIKE ANY ('{""R JHM IP PT NEW BP"",""BLOOD PRESSURE""}')",get_diastolic,
nbp_sys,yes,no,"""FlowsheetValue""","""FLO_MEAS_NAME"", ""TimeTaken"", ""Value""","WHERE ""FLO_MEAS_NAME"" LIKE ANY ('{""R JHM IP PT NEW BP"",""BLOOD PRESSURE""}')",get_systolic,
abp_dias,yes,no,"""FlowsheetValue_643""","""FLO_MEAS_NAME"", ""TimeTaken"", ""Value""","WHERE ""FLO_MEAS_NAME"" = 'R ARTERIAL LINE BLOOD PRESSURE'",get_diastolic,
abp_sys,yes,no,"""FlowsheetValue_643""","""FLO_MEAS_NAME"", ""TimeTaken"", ""Value""","WHERE ""FLO_MEAS_NAME"" = 'R ARTERIAL LINE BLOOD PRESSURE'",get_systolic,
organ_insufficiency_diag,yes,no,"""Diagnoses""","""Code""","WHERE ""Code"" LIKE ANY ('{""571%"",""585.6%"",""428.22%"",""428.32%"",""428.42%"",""518.83%""}')",,
organ_insufficiency_hist,yes,no,"""MedicalHistory""","""Code""","WHERE ""Code"" LIKE ANY ('{""571%"",""585.6%"",""428.22%"",""428.32%"",""428.42%"",""518.83%""}')",,
chronic_kidney_hist,yes,no,"""MedicalHistory""","""Code""","WHERE ""Code"" LIKE ANY ('{""585.6%"",""585.9%""}')",,
chronic_pulmonary_hist,yes,no,"""MedicalHistory""","""Code""","WHERE ""Code"" LIKE ANY ('{""491%"",""496%""}')",,
oxacillin_dose,no,yes,"""MedicationAdministration""","""MEDICATION_ID"",""MedRoute"",""display_name"", ""TimeActionTaken"", ""ORDER_INST"", ""ActionTaken"", ""Dose"", ""MedUnit"",""INFUSION_RATE"",""MAR_INF_RATE_UNIT"",""mar_duration"",""MAR_DURATION_UNIT""","WHERE ""display_name"" ILIKE 'oxacillin%' AND NOT ""display_name"" ILIKE ANY ('{""%gel%"",""%vaginal%"",""%cream%"",""%ophthalmic%"",""%ointment%"",""%nebulizer%"",""%drop%""}')",convert_to_mg,
paco2,yes,no,"""Labs""","""BASE_NAME"", ""RESULT_TIME"", ""ResultValue""","WHERE ""BASE_NAME"" LIKE ANY ('{""PCO2ART"",""PCO2VEN""}')",convert_paco2_to_real,
pao2,yes,no,"""Labs""","""BASE_NAME"", ""RESULT_TIME"", ""ResultValue""","WHERE ""BASE_NAME"" LIKE 'PO2ART'",convert_pao2_to_real,
penicillin_dose,no,yes,"""MedicationAdministration""","""MEDICATION_ID"",""MedRoute"",""display_name"", ""TimeActionTaken"", ""ORDER_INST"", ""ActionTaken"", ""Dose"", ""MedUnit"",""INFUSION_RATE"",""MAR_INF_RATE_UNIT"",""mar_duration"",""MAR_DURATION_UNIT""","WHERE ""display_name"" ILIKE 'penicillin%' AND NOT ""display_name"" ILIKE ANY ('{""%gel%"",""%vaginal%"",""%cream%"",""%ophthalmic%"",""%ointment%"",""%nebulizer%"",""%drop%""}')",convert_penicillin_dose,
penicillin_g_dose,no,yes,"""MedicationAdministration""","""MEDICATION_ID"",""MedRoute"",""display_name"", ""TimeActionTaken"", ""ORDER_INST"", ""ActionTaken"", ""Dose"", ""MedUnit"",""INFUSION_RATE"",""MAR_INF_RATE_UNIT"",""mar_duration"",""MAR_DURATION_UNIT""","WHERE ""display_name"" ILIKE 'penicillin G%' AND NOT ""display_name"" ILIKE ANY ('{""%gel%"",""%vaginal%"",""%cream%"",""%ophthalmic%"",""%ointment%"",""%nebulizer%"",""%drop%""}')",convert_penicillin_g_dose,
piperacillin_tazbac_dose,no,yes,"""MedicationAdministration""","""MEDICATION_ID"",""MedRoute"",""display_name"", ""TimeActionTaken"", ""ORDER_INST"", ""ActionTaken"", ""Dose"", ""MedUnit"",""INFUSION_RATE"",""MAR_INF_RATE_UNIT"",""mar_duration"",""MAR_DURATION_UNIT""","WHERE ""display_name"" ILIKE 'piperacillin-tazobactam%' AND NOT ""display_name"" ILIKE ANY ('{""%gel%"",""%vaginal%"",""%cream%"",""%ophthalmic%"",""%ointment%"",""%nebulizer%"",""%drop%""}')",piperacillin_tazbac_dose_to_mg,
tobramycin_dose,no,yes,"""MedicationAdministration""","""MEDICATION_ID"",""MedRoute"",""display_name"", ""TimeActionTaken"", ""ORDER_INST"", ""ActionTaken"", ""Dose"", ""MedUnit"",""INFUSION_RATE"",""MAR_INF_RATE_UNIT"",""mar_duration"",""MAR_DURATION_UNIT""","WHERE ""display_name"" ILIKE 'tobramycin%' AND NOT ""display_name"" ILIKE ANY ('{""%gel%"",""%vaginal%"",""%cream%"",""%ophthalmic%"",""%ointment%"",""%nebulizer%"",""%drop%""}')",convert_to_mg,
platelets,yes,no,"""Labs""","""BASE_NAME"", ""RESULT_TIME"", ""ResultValue""","WHERE ""BASE_NAME"" LIKE 'PLT'",threshold_platelets,
potassium,yes,no,"""Labs""","""BASE_NAME"", ""RESULT_TIME"", ""ResultValue"", ""REFERENCE_UNIT""","WHERE ""BASE_NAME"" LIKE ANY ('{""K"",""KWB""}')",transform_potassium,
rass,yes,no,"""FlowsheetValue""","""FLO_MEAS_NAME"", ""TimeTaken"", ""Value""","WHERE ""FLO_MEAS_NAME"" LIKE 'R IP RASS SCORE'",,
renal_insufficiency_diag,yes,no,"""Diagnoses""","""Code""","WHERE ""Code"" LIKE '585.9%'",,
renal_insufficiency_hist,yes,no,"""MedicalHistory""","""Code""","WHERE ""Code"" LIKE '585.9%'",,
resp_rate,yes,no,"""FlowsheetValue""","""FLO_MEAS_NAME"", ""TimeTaken"", ""Value""","WHERE ""FLO_MEAS_NAME"" LIKE ANY ('{""R RT VENTILATOR RESPIRATORY RATE SPONTANEOUS"",""R JHM IP VENT RR TOTAL CPAP/PS"",""R JHM IP VENT RR TOTAL APRV"",""R VENT RR TOTAL SIMVC"",""R JHM IP VENT RR TOTAL PRVC"",""R VENT RR TOTAL"",""R VENT RR TOTAL SIMV"",""R JHM IP VENT RR TOTAL PC/AC"",""R VENT RR TOTAL CPAP"",""R VENT RR TOTAL SIMV/PC"",""R JHM IP VENT RR TOTAL VCAC"",""R JHM IP VENT RR TOTAL PC/VS"",""RESPIRATIONS"",""R JHM IP PT NEW RESPIRATIONS"",""R JHM OP OT NEW RESPIRATIONS"",""R JHM IP VENT RR TOTAL APRV"",""R VENT RR TOTAL SIMVC"",""R JHM IP VENT RR TOTAL VCAC"",""R VENT RR TOTAL"",""R JHM IP VENT RR TOTAL PC/AC"",""R JHM IP VENT RR TOTAL PRVC"",""R VENT RR TOTAL SIMV/PC"",""R JHM IP VENT RR TOTAL PC/VS"",""R JHM IP VENT RR TOTAL CPAP/PS"",""R VENT RR TOTAL SIMV"",""R VENT RR TOTAL CPAP"",""RESPIRATIONS"",""R JHM IP PT NEW RESPIRATIONS"",""R JHM OP OT NEW RESPIRATIONS""}')",,
rifampin_dose,no,yes,"""MedicationAdministration""","""MEDICATION_ID"",""MedRoute"",""display_name"", ""TimeActionTaken"", ""ORDER_INST"", ""ActionTaken"", ""Dose"", ""MedUnit"",""INFUSION_RATE"",""MAR_INF_RATE_UNIT"",""mar_duration"",""MAR_DURATION_UNIT""","WHERE ""display_name"" ILIKE 'rifampin%' AND NOT ""display_name"" ILIKE ANY ('{""%gel%"",""%vaginal%"",""%cream%"",""%ophthalmic%"",""%ointment%"",""%nebulizer%"",""%drop%""}')",convert_to_mg,
sepsis_note,yes,no,"""Notes""","""NOTE_TEXT""","WHERE lower(""NOTE_TEXT"") LIKE ANY ('{""%sepsis%"",""%septic%""}')",,
sodium,yes,no,"""Labs""","""BASE_NAME"", ""RESULT_TIME"", ""ResultValue"", ""REFERENCE_UNIT""","WHERE ""BASE_NAME"" LIKE ANY ('{""NAWB"",""NA""}')",transform_sodium,
spo2,yes,no,"""FlowsheetValue""","""FLO_MEAS_NAME"", ""TimeTaken"", ""Value""","WHERE ""FLO_MEAS_NAME"" LIKE ANY ('{""R JHM OP OT NEW PULSE OXIMETRY"",""PULSE OXIMETRY""}')",,
temperature,yes,no,"""FlowsheetValue""","""FLO_MEAS_NAME"", ""TimeTaken"", ""Value""","WHERE ""FLO_MEAS_NAME"" LIKE 'TEMPERATURE'",threshold_temperature,
urine_output,no,no,"""FlowsheetValue_643""","""FLO_MEAS_NAME"", ""TimeTaken"", ""Value""","WHERE ""FLO_MEAS_ID"" in ('304123801','304123802','3043045501','30440104362','61')",,
vancomycin_dose,no,yes,"""MedicationAdministration""","""MEDICATION_ID"",""MedRoute"",""display_name"", ""TimeActionTaken"", ""ORDER_INST"", ""ActionTaken"", ""Dose"", ""MedUnit"",""INFUSION_RATE"",""MAR_INF_RATE_UNIT"",""mar_duration"",""MAR_DURATION_UNIT""","WHERE ""display_name"" ILIKE 'vancomycin%' AND NOT ""display_name"" ILIKE ANY ('{""%gel%"",""%vaginal%"",""%cream%"",""%ophthalmic%"",""%ointment%"",""%nebulizer%"",""%drop%""}')",convert_vancomycin_dose_to_mg,
vasopressin_dose,no,yes,"""MedicationAdministration""","""MEDICATION_ID"",""MedRoute"",""display_name"", ""TimeActionTaken"", ""ORDER_INST"", ""ActionTaken"", ""Dose"", ""MedUnit"",""INFUSION_RATE"",""MAR_INF_RATE_UNIT"",""mar_duration"",""MAR_DURATION_UNIT""","WHERE ""display_name"" ~* '^vasopressin'",convert_vasopressin_to_unit,
vent,yes,no,"""FlowsheetValue""","""FLO_MEAS_NAME"", ""TimeTaken"", ""Value""","WHERE ""FLO_MEAS_ID"" = '7074317'",,
care_unit,yes,no,"""ADT_Feed""","""EventType"",cast(""effective_time"" as timestamptz),""DEPARTMENT_NAME""","WHERE ""EventType"" <> 'Transfer Out'",convert_care_unit_hc_epic,
wbc,yes,no,"""Labs""","""BASE_NAME"", ""RESULT_TIME"", ""ResultValue""","WHERE ""BASE_NAME"" LIKE ANY ('{""ADJUSTEDWBC"",""WBC""}')",threshold_wbc,
weight,yes,no,"""FlowsheetValue""","""FLO_MEAS_NAME"", ""TimeTaken"", ""Value""","WHERE ""FLO_MEAS_NAME"" LIKE 'WEIGHT/SCALE'",convert_ounces_to_kg,
catheter,yes,no,"""LDAs""","""FLO_MEAS_NAME"",""PAT_ID"" pat_id,cast(""PLACEMENT_INSTANT"" as timestamptz), cast(""REMOVAL_DTTM"" as timestamptz)","WHERE ""DISP_NAME"" ~* 'catheter'",convert_catheter_to_binary,
dialysis,yes,no,"""FlowsheetValue""","""CSN_ID"" visit_id,""FLO_MEAS_NAME"",""TimeTaken"",""INTAKE_TYPE"",""Value"",""UNITS""","WHERE ""DISP_NAME"" ~* 'dialysis'",convert_dialysis_to_binary,
insulin_dose,no,yes,"""MedicationAdministration""","""MEDICATION_ID"",""MedRoute"",""display_name"", ""TimeActionTaken"", ""ORDER_INST"", ""ActionTaken"", ""Dose"", ""MedUnit"",""INFUSION_RATE"",""MAR_INF_RATE_UNIT"",""mar_duration"",""MAR_DURATION_UNIT""","WHERE ""display_name"" ~* 'insulin'",convert_dose_to_binary,
hydrocortisone_dose,no,yes,"""MedicationAdministration""","""MEDICATION_ID"",""MedRoute"",""display_name"", ""TimeActionTaken"", ""ORDER_INST"", ""ActionTaken"", ""Dose"", ""MedUnit"",""INFUSION_RATE"",""MAR_INF_RATE_UNIT"",""mar_duration"",""MAR_DURATION_UNIT""","WHERE ""display_name"" ~* 'hydrocortisone' and ""MedRoute"" ~* 'Intravenous|Oral'",convert_to_mg,
prednisone_dose,no,yes,"""MedicationAdministration""","""MEDICATION_ID"",""MedRoute"",""display_name"", ""TimeActionTaken"", ""ORDER_INST"", ""ActionTaken"", ""Dose"", ""MedUnit"",""INFUSION_RATE"",""MAR_INF_RATE_UNIT"",""mar_duration"",""MAR_DURATION_UNIT""","WHERE ""display_name"" ~* 'prednisone'",convert_to_mg,
prednisolone_dose,no,yes,"""MedicationAdministration""","""MEDICATION_ID"",""MedRoute"",""display_name"", ""TimeActionTaken"", ""ORDER_INST"", ""ActionTaken"", ""Dose"", ""MedUnit"",""INFUSION_RATE"",""MAR_INF_RATE_UNIT"",""mar_duration"",""MAR_DURATION_UNIT""","WHERE ""display_name"" ~* '^prednisolone'",convert_to_mg,
methylprednisolone_dose,no,yes,"""MedicationAdministration""","""MEDICATION_ID"",""MedRoute"",""display_name"", ""TimeActionTaken"", ""ORDER_INST"", ""ActionTaken"", ""Dose"", ""MedUnit"",""INFUSION_RATE"",""MAR_INF_RATE_UNIT"",""mar_duration"",""MAR_DURATION_UNIT""","WHERE ""display_name"" ~* 'methylprednisolone'",convert_to_mg,
betamethasone_dose,no,yes,"""MedicationAdministration""","""MEDICATION_ID"",""MedRoute"",""display_name"", ""TimeActionTaken"", ""ORDER_INST"", ""ActionTaken"", ""Dose"", ""MedUnit"",""INFUSION_RATE"",""MAR_INF_RATE_UNIT"",""mar_duration"",""MAR_DURATION_UNIT""","WHERE ""display_name"" ~* 'betamethasone' AND ""MedRoute"" ~* 'Intramuscular|Intrabursal'",convert_to_mg,
fludrocortisone_dose,no,yes,"""MedicationAdministration""","""MEDICATION_ID"",""MedRoute"",""display_name"", ""TimeActionTaken"", ""ORDER_INST"", ""ActionTaken"", ""Dose"", ""MedUnit"",""INFUSION_RATE"",""MAR_INF_RATE_UNIT"",""mar_duration"",""MAR_DURATION_UNIT""","WHERE ""display_name"" ~* 'fludrocortisone'",convert_to_mg,
apixaban_dose,no,yes,"""MedicationAdministration""","""MEDICATION_ID"",""MedRoute"",""display_name"", ""TimeActionTaken"", ""ORDER_INST"", ""ActionTaken"", ""Dose"", ""MedUnit"",""INFUSION_RATE"",""MAR_INF_RATE_UNIT"",""mar_duration"",""MAR_DURATION_UNIT""","WHERE ""display_name"" ~* 'apixaban'",convert_to_mg,
dabigatran_dose,no,yes,"""MedicationAdministration""","""MEDICATION_ID"",""MedRoute"",""display_name"", ""TimeActionTaken"", ""ORDER_INST"", ""ActionTaken"", ""Dose"", ""MedUnit"",""INFUSION_RATE"",""MAR_INF_RATE_UNIT"",""mar_duration"",""MAR_DURATION_UNIT""","WHERE ""display_name"" ~* 'dabigatran'",convert_to_mg,
rivaroxaban_dose,no,yes,"""MedicationAdministration""","""MEDICATION_ID"",""MedRoute"",""display_name"", ""TimeActionTaken"", ""ORDER_INST"", ""ActionTaken"", ""Dose"", ""MedUnit"",""INFUSION_RATE"",""MAR_INF_RATE_UNIT"",""mar_duration"",""MAR_DURATION_UNIT""","WHERE ""display_name"" ~* 'rivaroxaban'",convert_to_mg,
warfarin_dose,no,yes,"""MedicationAdministration""","""MEDICATION_ID"",""MedRoute"",""display_name"", ""TimeActionTaken"", ""ORDER_INST"", ""ActionTaken"", ""Dose"", ""MedUnit"",""INFUSION_RATE"",""MAR_INF_RATE_UNIT"",""mar_duration"",""MAR_DURATION_UNIT""","WHERE ""display_name"" ~* 'warfarin.* tablet'",convert_to_mg,
heparin_dose,no,yes,"""MedicationAdministration""","""MEDICATION_ID"",""MedRoute"",""display_name"", ""TimeActionTaken"", ""ORDER_INST"", ""ActionTaken"", ""Dose"", ""MedUnit"",""INFUSION_RATE"",""MAR_INF_RATE_UNIT"",""mar_duration"",""MAR_DURATION_UNIT""","WHERE ""display_name"" ~* 'heparin'",convert_dose_to_binary,
acebutolol_dose,no,yes,"""MedicationAdministration""","""MEDICATION_ID"",""MedRoute"",""display_name"", ""TimeActionTaken"", ""ORDER_INST"", ""ActionTaken"", ""Dose"", ""MedUnit"",""INFUSION_RATE"",""MAR_INF_RATE_UNIT"",""mar_duration"",""MAR_DURATION_UNIT""","WHERE ""display_name"" ~* 'acebutolol'",convert_to_mg,
atenolol_dose,no,yes,"""MedicationAdministration""","""MEDICATION_ID"",""MedRoute"",""display_name"", ""TimeActionTaken"", ""ORDER_INST"", ""ActionTaken"", ""Dose"", ""MedUnit"",""INFUSION_RATE"",""MAR_INF_RATE_UNIT"",""mar_duration"",""MAR_DURATION_UNIT""","WHERE ""display_name"" ~* 'atenolol'",convert_to_mg,
bisoprolol_dose,no,yes,"""MedicationAdministration""","""MEDICATION_ID"",""MedRoute"",""display_name"", ""TimeActionTaken"", ""ORDER_INST"", ""ActionTaken"", ""Dose"", ""MedUnit"",""INFUSION_RATE"",""MAR_INF_RATE_UNIT"",""mar_duration"",""MAR_DURATION_UNIT""","WHERE ""display_name"" ~* 'bisoprololl'",convert_to_mg,
metoprolol_dose,no,yes,"""MedicationAdministration""","""MEDICATION_ID"",""MedRoute"",""display_name"", ""TimeActionTaken"", ""ORDER_INST"", ""ActionTaken"", ""Dose"", ""MedUnit"",""INFUSION_RATE"",""MAR_INF_RATE_UNIT"",""mar_duration"",""MAR_DURATION_UNIT""","WHERE ""display_name"" ~* 'metoprolol'",convert_to_mg,
nadolol_dose,no,yes,"""MedicationAdministration""","""MEDICATION_ID"",""MedRoute"",""display_name"", ""TimeActionTaken"", ""ORDER_INST"", ""ActionTaken"", ""Dose"", ""MedUnit"",""INFUSION_RATE"",""MAR_INF_RATE_UNIT"",""mar_duration"",""MAR_DURATION_UNIT""","WHERE ""display_name"" ~* 'nadolol'",convert_to_mg,
propranolol_dose,no,yes,"""MedicationAdministration""","""MEDICATION_ID"",""MedRoute"",""display_name"", ""TimeActionTaken"", ""ORDER_INST"", ""ActionTaken"", ""Dose"", ""MedUnit"",""INFUSION_RATE"",""MAR_INF_RATE_UNIT"",""mar_duration"",""MAR_DURATION_UNIT""","WHERE ""display_name"" ~* 'propranolol'",convert_to_mg,
magnesium,yes,no,"""Labs""","""BASE_NAME"", ""RESULT_TIME"", ""ResultValue"", ""REFERENCE_UNIT""","WHERE ""BASE_NAME"" = 'MG'",convert_lab_value_to_real,
ast_liver_enzymes,yes,no,"""Labs""","""BASE_NAME"", ""RESULT_TIME"", ""ResultValue"", ""REFERENCE_UNIT""","WHERE ""BASE_NAME"" = 'AST'",convert_lab_value_to_real,
alt_liver_enzymes,yes,no,"""Labs""","""BASE_NAME"", ""RESULT_TIME"", ""ResultValue"", ""REFERENCE_UNIT""","WHERE ""BASE_NAME"" ~ 'ALT'",convert_lab_value_to_real,
troponin,yes,no,"""Labs""","""BASE_NAME"", ""RESULT_TIME"", ""ResultValue"", ""REFERENCE_UNIT""","WHERE ""BASE_NAME"" ~ 'TROPONINT'",convert_lab_value_to_real,
ptt,yes,no,"""Labs""","""BASE_NAME"", ""RESULT_TIME"", ""ResultValue"", ""REFERENCE_UNIT""","WHERE ""BASE_NAME"" ~ 'PTT'",convert_lab_value_to_real,
calcium,yes,no,"""Labs""","""BASE_NAME"", ""RESULT_TIME"", ""ResultValue"", ""REFERENCE_UNIT""","WHERE ""BASE_NAME"" ~ 'CALCIUM'",convert_lab_value_to_real,
heart_attack_inhosp,yes,no,"""ProblemList""","""csn_id"" visit_id, ""diagname"",  ""firstdocumented"",""chronic"", ""presentonadmission""","WHERE ""diagname"" ~* 'myocardial infarction'",convert_inhosp_to_json,
ekg_proc,yes,no,"""OrderProcs""","""CSN_ID"" visit_id,""display_name"", ""ORDER_TIME"", ""OrderStatus""","WHERE ""display_name"" ~* 'ECG|EKG'",convert_proc_to_json,
stroke_inhosp,yes,no,"""ProblemList""","""csn_id"" visit_id, ""diagname"", ""firstdocumented"", ""chronic"", ""presentonadmission""","WHERE ""diagname"" ~* 'stroke' and not ""diagname"" ~* 'due to stroke|effect of stroke'",convert_inhosp_to_json,
ct_proc,yes,no,"""OrderProcs""","""CSN_ID"" visit_id,""display_name"", ""ORDER_TIME"", ""OrderStatus""","WHERE ""proc_cat_name"" ~ 'IMG CT ORDERABLES'",convert_proc_to_json,
mri_proc,yes,no,"""OrderProcs""","""CSN_ID"" visit_id,""display_name"", ""ORDER_TIME"", ""OrderStatus""","WHERE ""proc_cat_name"" ~ 'IMG MRI ORDERABLES'",convert_proc_to_json,
acute_kidney_failure_inhosp,yes,no,"""ProblemList""","""csn_id"" visit_id, ""diagname"", ""firstdocumented"", ""chronic"", ""presentonadmission""","WHERE ""diagname"" ~* 'acute kidney injury|acute kidney failure'",convert_inhosp_to_json,
bronchitis_inhosp,yes,no,"""ProblemList""","""csn_id"" visit_id, ""diagname"", ""firstdocumented"", ""chronic"", ""presentonadmission""","WHERE ""diagname"" ~* 'bronchitis'",convert_inhosp_to_json,
chest_xray,yes,no,"""OrderProcs""","""CSN_ID"" visit_id,""display_name"", ""ORDER_TIME"", ""OrderStatus""","WHERE ""display_name"" ~* 'x-ray chest'",convert_proc_to_json,
hepatic_failure_inhosp,yes,no,"""ProblemList""","""csn_id"" visit_id, ""diagname"", ""firstdocumented"", ""chronic"", ""presentonadmission""","WHERE ""diagname"" ~* 'liver failure|hepatic failure'",convert_inhosp_to_json,
ards_inhosp,yes,no,"""ProblemList""","""csn_id"" visit_id, ""diagname"", ""firstdocumented"", ""chronic"", ""presentonadmission""","WHERE ""diagname"" ~ 'ARDS'",convert_inhosp_to_json,
hemorrhage_inhosp,yes,no,"""ProblemList""","""csn_id"" visit_id, ""diagname"", ""firstdocumented"", ""chronic"", ""presentonadmission""","WHERE ""diagname"" ~* 'hemorrhage'",convert_inhosp_to_json,
severe_pancreatitis_inhosp,yes,no,"""ProblemList""","""csn_id"" visit_id, ""diagname"", ""firstdocumented"", ""chronic"", ""presentonadmission""","WHERE ""diagname"" ~* 'acute.* pancreatitis'",convert_inhosp_to_json,
anion_gap,yes,no,"""Labs""","""BASE_NAME"", ""RESULT_TIME"", ""ResultValue""","WHERE ""BASE_NAME"" ~ 'ANIONGAP'",convert_lab_value_to_real,
pulmonary_emboli_inhosp,yes,no,"""ProblemList""","""csn_id"" visit_id, ""diagname"", ""firstdocumented"", ""chronic"", ""presentonadmission""","WHERE ""diagname"" ~* 'pulmonary emboli'",convert_inhosp_to_json,
bacterial_culture,yes,no,"""OrderProcs""","""CSN_ID"" visit_id,""display_name"", ""ORDER_TIME"", ""OrderStatus""","WHERE ""display_name"" ~* 'bacterial culture'",convert_proc_to_json,
culture_order,yes,no,"""OrderProcs""","""CSN_ID"" visit_id,""display_name"", ""ORDER_TIME"", ""OrderStatus""","WHERE ""display_name"" ~* 'culture'",convert_proc_to_json,
gi_bleed_inhosp,yes,no,"""ProblemList""","""csn_id"" visit_id, ""diagname"", ""firstdocumented"", ""chronic"", ""presentonadmission""","WHERE ""diagname"" ~* 'gi bleed'",convert_inhosp_to_json,
uro_sepsis,yes,no,"""ProblemList""","""csn_id"" visit_id, ""diagname"", ""firstdocumented"", ""chronic"", ""presentonadmission""",where diagname ~ 'UTI' or diagname ~* 'urinary tract infection|urosepsis|pyelo',convert_inhosp_to_json,
pneumonia_sepsis,yes,no,"""ProblemList""","""csn_id"" visit_id, ""diagname"", ""firstdocumented"", ""chronic"", ""presentonadmission""",where diagname ~* 'pneumonia|acute lung injury|empyema|acute respiratory distress syndrome' or  diagname ~ 'ARDS|ALI',convert_inhosp_to_json,
biliary_sepsis,yes,no,"""ProblemList""","""csn_id"" visit_id, ""diagname"", ""firstdocumented"", ""chronic"", ""presentonadmission""",where diagname ~* 'biliary sepsis|cholecystitis|ascending cholangitis|cholelithiasis|gall stones|hepatic absess|cholangitis',convert_inhosp_to_json,
intra_abdominal_sepsis,yes,no,"""ProblemList""","""csn_id"" visit_id, ""diagname"", ""firstdocumented"", ""chronic"", ""presentonadmission""",where diagname ~* 'intra abdominal sepsis|abdominal catastrophe|perforated viscous|free air|pneumoperitoneum|pneumotosis|peritonitis|spontaneous bacterial peritonitis|gut translocation|c. diff|colitis|peritoneal abscess|clostridium difficile' ,convert_inhosp_to_json,
line_sepsis,yes,no,"""ProblemList""","""csn_id"" visit_id, ""diagname"", ""firstdocumented"", ""chronic"", ""presentonadmission""",where diagname ~* 'blood stream infection|line sepsis|endocarditis|vegetation',convert_inhosp_to_json,
amylase,yes,no,"""Labs""","""BASE_NAME"", ""RESULT_TIME"", ""ResultValue""","WHERE ""BASE_NAME"" = 'AMYLASE'",,
lipase,yes,no,"""Labs""","""BASE_NAME"", ""RESULT_TIME"", ""ResultValue""","WHERE ""BASE_NAME"" = 'LIPASE'",,
asthma_hist,yes,no,"""MedicalHistory""","""Code""","WHERE ""Code"" ~ '^493'",,
asthma_diag,yes,no,"""Diagnoses""","""Code""","WHERE ""Code"" ~ '^493'",,
asthma_prob,yes,no,"""ProblemList""","""csn_id"" visit_id, code","WHERE ""code"" ~ '^493'",,
bronchiectasis_hist,yes,no,"""MedicalHistory""","""Code""","WHERE ""Code"" ~ '^494'",,
bronchiectasis_diag,yes,no,"""Diagnoses""","""Code""","WHERE ""Code"" ~ '^494'",,
bronchiectasis_prob,yes,no,"""ProblemList""","""csn_id"" visit_id, code","WHERE ""code"" ~ '^494'",,
chronic_airway_obstruction_hist,yes,no,"""MedicalHistory""","""Code""","WHERE ""Code"" ~ '^496'",,
chronic_airway_obstruction_diag,yes,no,"""Diagnoses""","""Code""","WHERE ""Code"" ~ '^496'",,
chronic_airway_obstruction_prob,yes,no,"""ProblemList""","""csn_id"" visit_id, code","WHERE ""code"" ~ '^496'",,
chronic_bronchitis_hist,yes,no,"""MedicalHistory""","""Code""","WHERE ""Code"" ~ '^49(0|1)'",,
chronic_bronchitis_diag,yes,no,"""Diagnoses""","""Code""","WHERE ""Code"" ~ '^496'",,
chronic_bronchitis_prob,yes,no,"""ProblemList""","""csn_id"" visit_id, code","WHERE ""code"" ~ '^496'",,
emphysema_hist,yes,no,"""MedicalHistory""","""Code""","WHERE ""Code"" ~ '^492'",,
emphysema_diag,yes,no,"""Diagnoses""","""Code""","WHERE ""Code"" ~ '^492'",,
emphysema_prob,yes,no,"""ProblemList""","""csn_id"" visit_id, code","WHERE ""code"" ~ '^492'",,
esrd_hist,yes,no,"""MedicalHistory""","""Code""","WHERE ""Code"" ~ '^585.6'",,
esrd_diag,yes,no,"""Diagnoses""","""Code""","WHERE ""Code"" ~ '^585.6'",,
esrd_prob,yes,no,"""ProblemList""","""csn_id"" visit_id, code","WHERE ""code"" ~ '^585.6'",,
hypersensitivity_pneumonitis_hist,yes,no,"""MedicalHistory""","""Code""","WHERE ""Code"" ~ '^495.9'",,
hypersensitivity_pneumonitis_diag,yes,no,"""Diagnoses""","""Code""","WHERE ""Code"" ~ '^495.9'",,
hypersensitivity_pneumonitis_prob,yes,no,"""ProblemList""","""csn_id"" visit_id, code","WHERE ""code"" ~ '^495.9'",,
heart_arrhythmias_hist,yes,no,"""MedicalHistory""","""Code""","WHERE ""Code"" ~ '^427'",,
heart_arrhythmias_diag,yes,no,"""Diagnoses""","""Code""","WHERE ""Code"" ~ '^427'",,
heart_arrhythmias_prob,yes,no,"""ProblemList""","""csn_id"" visit_id, code","WHERE ""code"" ~ '^427'",,
pancreatitis_chronic_hist,yes,no,"""MedicalHistory""","""Code""","WHERE ""Code"" ~ '^427'",,
pancreatitis_chronic_diag,yes,no,"""Diagnoses""","""Code""","WHERE ""Code"" ~ '^427'",,
pancreatitis_chronic_prob,yes,no,"""ProblemList""","""csn_id"" visit_id, code","WHERE ""code"" ~ '^427'",,
immunodeficiency_hist,yes,no,"""MedicalHistory""","""Code""","WHERE ""Code"" ~ '^279.3'",,
immunodeficiency_diag,yes,no,"""Diagnoses""","""Code""","WHERE ""Code"" ~ '^279.3'",,
immunodeficiency_prob,yes,no,"""ProblemList""","""csn_id"" visit_id, code","WHERE ""code"" ~ '^279.3'",,
aclidinium_dose,no,yes,"""MedicationAdministration""","""MEDICATION_ID"",""MedRoute"",""display_name"", ""TimeActionTaken"", ""ORDER_INST"", ""ActionTaken"", ""Dose"", ""MedUnit"",""INFUSION_RATE"",""MAR_INF_RATE_UNIT"",""mar_duration"",""MAR_DURATION_UNIT""",where display_name ~* 'aclidinium',default_convert_dose,
albuterol_dose,no,yes,"""MedicationAdministration""","""MEDICATION_ID"",""MedRoute"",""display_name"", ""TimeActionTaken"", ""ORDER_INST"", ""ActionTaken"", ""Dose"", ""MedUnit"",""INFUSION_RATE"",""MAR_INF_RATE_UNIT"",""mar_duration"",""MAR_DURATION_UNIT""",where display_name ~* 'albuterol(?!levalbuterol|inhaler)' ,convert_to_mg,
moxifloxacin_dose,no,yes,"""MedicationAdministration""","""MEDICATION_ID"",""MedRoute"",""display_name"", ""TimeActionTaken"", ""ORDER_INST"", ""ActionTaken"", ""Dose"", ""MedUnit"",""INFUSION_RATE"",""MAR_INF_RATE_UNIT"",""mar_duration"",""MAR_DURATION_UNIT""","WHERE ""display_name"" ILIKE 'moxifloxacin%' AND NOT ""display_name"" ILIKE ANY ('{""%gel%"",""%vaginal%"",""%cream%"",""%ophthalmic%"",""%ointment%"",""%nebulizer%"",""%drop%""}')",convert_to_mg,
ceftriaxone_dose,no,yes,"""MedicationAdministration""","""MEDICATION_ID"",""MedRoute"",""display_name"", ""TimeActionTaken"", ""ORDER_INST"", ""ActionTaken"", ""Dose"", ""MedUnit"",""INFUSION_RATE"",""MAR_INF_RATE_UNIT"",""mar_duration"",""MAR_DURATION_UNIT""","WHERE ""display_name"" ILIKE 'ceftriaxone%' AND NOT ""display_name"" ILIKE ANY ('{""%gel%"",""%vaginal%"",""%cream%"",""%ophthalmic%"",""%ointment%"",""%nebulizer%"",""%drop%""}')",convert_to_mg,
amiodarone_dose,no,yes,"""MedicationAdministration""","""MEDICATION_ID"",""MedRoute"",""display_name"", ""TimeActionTaken"", ""ORDER_INST"", ""ActionTaken"", ""Dose"", ""MedUnit"",""INFUSION_RATE"",""MAR_INF_RATE_UNIT"",""mar_duration"",""MAR_DURATION_UNIT""",where display_name ~* 'amiodarone' ,convert_to_mg,
carvedilol_dose,no,yes,"""MedicationAdministration""","""MEDICATION_ID"",""MedRoute"",""display_name"", ""TimeActionTaken"", ""ORDER_INST"", ""ActionTaken"", ""Dose"", ""MedUnit"",""INFUSION_RATE"",""MAR_INF_RATE_UNIT"",""mar_duration"",""MAR_DURATION_UNIT""",where display_name ~* 'carvedilol',convert_to_mg,
lisinopril_dose,no,yes,"""MedicationAdministration""","""MEDICATION_ID"",""MedRoute"",""display_name"", ""TimeActionTaken"", ""ORDER_INST"", ""ActionTaken"", ""Dose"", ""MedUnit"",""INFUSION_RATE"",""MAR_INF_RATE_UNIT"",""mar_duration"",""MAR_DURATION_UNIT""",where display_name ~* 'lisinopril',convert_to_mg,
clonidine_dose,no,yes,"""MedicationAdministration""","""MEDICATION_ID"",""MedRoute"",""display_name"", ""TimeActionTaken"", ""ORDER_INST"", ""ActionTaken"", ""Dose"", ""MedUnit"",""INFUSION_RATE"",""MAR_INF_RATE_UNIT"",""mar_duration"",""MAR_DURATION_UNIT""",where display_name ~* 'clonidine' ,convert_to_mg,
dexamethasone_dose,no,yes,"""MedicationAdministration""","""MEDICATION_ID"",""MedRoute"",""display_name"", ""TimeActionTaken"", ""ORDER_INST"", ""ActionTaken"", ""Dose"", ""MedUnit"",""INFUSION_RATE"",""MAR_INF_RATE_UNIT"",""mar_duration"",""MAR_DURATION_UNIT""","WHERE ""display_name"" ~* 'dexamethasone' AND ""MedRoute"" ~* 'Intramuscular|Intravenous'",convert_to_mg,
doxazosin_dose,no,yes,"""MedicationAdministration""","""MEDICATION_ID"",""MedRoute"",""display_name"", ""TimeActionTaken"", ""ORDER_INST"", ""ActionTaken"", ""Dose"", ""MedUnit"",""INFUSION_RATE"",""MAR_INF_RATE_UNIT"",""mar_duration"",""MAR_DURATION_UNIT""",where display_name ~* 'doxazosin' ,convert_to_mg,
enalapril_dose,no,yes,"""MedicationAdministration""","""MEDICATION_ID"",""MedRoute"",""display_name"", ""TimeActionTaken"", ""ORDER_INST"", ""ActionTaken"", ""Dose"", ""MedUnit"",""INFUSION_RATE"",""MAR_INF_RATE_UNIT"",""mar_duration"",""MAR_DURATION_UNIT""",where display_name ~* 'enalapril ' ,convert_to_mg,
enalaprilat_dose,no,yes,"""MedicationAdministration""","""MEDICATION_ID"",""MedRoute"",""display_name"", ""TimeActionTaken"", ""ORDER_INST"", ""ActionTaken"", ""Dose"", ""MedUnit"",""INFUSION_RATE"",""MAR_INF_RATE_UNIT"",""mar_duration"",""MAR_DURATION_UNIT""",where display_name ~* 'enalaprilat' ,convert_to_mg,
epogen_dose,no,yes,"""MedicationAdministration""","""MEDICATION_ID"",""MedRoute"",""display_name"", ""TimeActionTaken"", ""ORDER_INST"", ""ActionTaken"", ""Dose"", ""MedUnit"",""INFUSION_RATE"",""MAR_INF_RATE_UNIT"",""mar_duration"",""MAR_DURATION_UNIT""",where display_name ~* 'epogen' ,default_convert_dose,
etomidate_dose,no,yes,"""MedicationAdministration""","""MEDICATION_ID"",""MedRoute"",""display_name"", ""TimeActionTaken"", ""ORDER_INST"", ""ActionTaken"", ""Dose"", ""MedUnit"",""INFUSION_RATE"",""MAR_INF_RATE_UNIT"",""mar_duration"",""MAR_DURATION_UNIT""",where display_name ~* 'etomidate' ,convert_to_mg,
hydralazine_dose,no,yes,"""MedicationAdministration""","""MEDICATION_ID"",""MedRoute"",""display_name"", ""TimeActionTaken"", ""ORDER_INST"", ""ActionTaken"", ""Dose"", ""MedUnit"",""INFUSION_RATE"",""MAR_INF_RATE_UNIT"",""mar_duration"",""MAR_DURATION_UNIT""",where display_name ~* 'hydralazine' ,convert_to_mg,
diazepam_dose,no,yes,"""MedicationAdministration""","""MEDICATION_ID"",""MedRoute"",""display_name"", ""TimeActionTaken"", ""ORDER_INST"", ""ActionTaken"", ""Dose"", ""MedUnit"",""INFUSION_RATE"",""MAR_INF_RATE_UNIT"",""mar_duration"",""MAR_DURATION_UNIT""",where display_name ~* 'diazepam' ,convert_to_mg,
diltiazem_dose,no,yes,"""MedicationAdministration""","""MEDICATION_ID"",""MedRoute"",""display_name"", ""TimeActionTaken"", ""ORDER_INST"", ""ActionTaken"", ""Dose"", ""MedUnit"",""INFUSION_RATE"",""MAR_INF_RATE_UNIT"",""mar_duration"",""MAR_DURATION_UNIT""",where display_name ~* 'diltiazem \(cardizem' ,convert_to_mg,
furosemide_dose,no,yes,"""MedicationAdministration""","""MEDICATION_ID"",""MedRoute"",""display_name"", ""TimeActionTaken"", ""ORDER_INST"", ""ActionTaken"", ""Dose"", ""MedUnit"",""INFUSION_RATE"",""MAR_INF_RATE_UNIT"",""mar_duration"",""MAR_DURATION_UNIT""",where display_name ~* 'furosemide' ,convert_to_mg,
levalbuterol_dose,no,yes,"""MedicationAdministration""","""MEDICATION_ID"",""MedRoute"",""display_name"", ""TimeActionTaken"", ""ORDER_INST"", ""ActionTaken"", ""Dose"", ""MedUnit"",""INFUSION_RATE"",""MAR_INF_RATE_UNIT"",""mar_duration"",""MAR_DURATION_UNIT""",where display_name ~* 'levalbuterol' ,convert_to_mg,
lidocaine_dose,no,yes,"""MedicationAdministration""","""MEDICATION_ID"",""MedRoute"",""display_name"", ""TimeActionTaken"", ""ORDER_INST"", ""ActionTaken"", ""Dose"", ""MedUnit"",""INFUSION_RATE"",""MAR_INF_RATE_UNIT"",""mar_duration"",""MAR_DURATION_UNIT""","where display_name ~*'lidocaine' and ""MedRoute"" ~'Intradermal|Intrabursal|Intravenous'",convert_to_mg,
lorazepam_dose,no,yes,"""MedicationAdministration""","""MEDICATION_ID"",""MedRoute"",""display_name"", ""TimeActionTaken"", ""ORDER_INST"", ""ActionTaken"", ""Dose"", ""MedUnit"",""INFUSION_RATE"",""MAR_INF_RATE_UNIT"",""mar_duration"",""MAR_DURATION_UNIT""",where display_name ~* 'lorazepam',convert_to_mg,
midazolam_dose,no,yes,"""MedicationAdministration""","""MEDICATION_ID"",""MedRoute"",""display_name"", ""TimeActionTaken"", ""ORDER_INST"", ""ActionTaken"", ""Dose"", ""MedUnit"",""INFUSION_RATE"",""MAR_INF_RATE_UNIT"",""mar_duration"",""MAR_DURATION_UNIT""",where display_name ~* 'midazolam',convert_to_mg,
phenytoin_dose,no,yes,"""MedicationAdministration""","""MEDICATION_ID"",""MedRoute"",""display_name"", ""TimeActionTaken"", ""ORDER_INST"", ""ActionTaken"", ""Dose"", ""MedUnit"",""INFUSION_RATE"",""MAR_INF_RATE_UNIT"",""mar_duration"",""MAR_DURATION_UNIT""",where display_name ~* '^phenytoin',convert_to_mg,
propofol_dose,no,yes,"""MedicationAdministration""","""MEDICATION_ID"",""MedRoute"",""display_name"", ""TimeActionTaken"", ""ORDER_INST"", ""ActionTaken"", ""Dose"", ""MedUnit"",""INFUSION_RATE"",""MAR_INF_RATE_UNIT"",""mar_duration"",""MAR_DURATION_UNIT""",where display_name ~* 'propofol',convert_propofol_to_mg,
ramipril_dose,no,yes,"""MedicationAdministration""","""MEDICATION_ID"",""MedRoute"",""display_name"", ""TimeActionTaken"", ""ORDER_INST"", ""ActionTaken"", ""Dose"", ""MedUnit"",""INFUSION_RATE"",""MAR_INF_RATE_UNIT"",""mar_duration"",""MAR_DURATION_UNIT""",where display_name ~* 'ramipril',convert_to_mg,
salmeterol_dose,no,yes,"""MedicationAdministration""","""MEDICATION_ID"",""MedRoute"",""display_name"", ""TimeActionTaken"", ""ORDER_INST"", ""ActionTaken"", ""Dose"", ""MedUnit"",""INFUSION_RATE"",""MAR_INF_RATE_UNIT"",""mar_duration"",""MAR_DURATION_UNIT""",where display_name ~* 'salmeterol',convert_salmeterol_dose,
sotalol_dose,no,yes,"""MedicationAdministration""","""MEDICATION_ID"",""MedRoute"",""display_name"", ""TimeActionTaken"", ""ORDER_INST"", ""ActionTaken"", ""Dose"", ""MedUnit"",""INFUSION_RATE"",""MAR_INF_RATE_UNIT"",""mar_duration"",""MAR_DURATION_UNIT""",where display_name ~* 'sotalol',convert_to_mg,
theophylline_dose,no,yes,"""MedicationAdministration""","""MEDICATION_ID"",""MedRoute"",""display_name"", ""TimeActionTaken"", ""ORDER_INST"", ""ActionTaken"", ""Dose"", ""MedUnit"",""INFUSION_RATE"",""MAR_INF_RATE_UNIT"",""mar_duration"",""MAR_DURATION_UNIT""",where display_name ~* 'theophylline',convert_to_mg,
tiotropium_dose,no,yes,"""MedicationAdministration""","""MEDICATION_ID"",""MedRoute"",""display_name"", ""TimeActionTaken"", ""ORDER_INST"", ""ActionTaken"", ""Dose"", ""MedUnit"",""INFUSION_RATE"",""MAR_INF_RATE_UNIT"",""mar_duration"",""MAR_DURATION_UNIT""",where display_name ~* 'tiotropium',convert_to_mg,
verapamil_dose,no,yes,"""MedicationAdministration""","""MEDICATION_ID"",""MedRoute"",""display_name"", ""TimeActionTaken"", ""ORDER_INST"", ""ActionTaken"", ""Dose"", ""MedUnit"",""INFUSION_RATE"",""MAR_INF_RATE_UNIT"",""mar_duration"",""MAR_DURATION_UNIT""",where display_name ~* 'verapamil',convert_to_mg,
bicarbonate,yes,no,"""Labs""","""BASE_NAME"", ""RESULT_TIME"", ""ResultValue""","WHERE ""BASE_NAME"" = 'HCO3ART'",,
transfuse_rbc,yes,no,"""OrderProcs""","""CSN_ID"" visit_id,""display_name"", ""ORDER_TIME"", ""OrderStatus""","where ""display_name"" ~* 'transfuse rbc' and ""OrderStatus"" = 'Completed'",,
transfuse_plasma,yes,no,"""OrderProcs""","""CSN_ID"" visit_id,""display_name"", ""ORDER_TIME"", ""OrderStatus""","where ""display_name"" ~* 'transfuse plasma' and ""OrderStatus"" = 'Completed'",,
transfuse_platelets,yes,no,"""OrderProcs""","""CSN_ID"" visit_id,""display_name"", ""ORDER_TIME"", ""OrderStatus""","where ""display_name"" ~* 'transfuse platelets' and ""OrderStatus"" = 'Completed'",,
transfuse_cryoprecipitate,yes,no,"""OrderProcs""","""CSN_ID"" visit_id,""display_name"", ""ORDER_TIME"", ""OrderStatus""","where ""display_name"" ~* 'transfuse cryoprecipitate' and ""OrderStatus"" = 'Completed'",,
intubation,yes,no,"""OrderProcs""","""CSN_ID"" visit_id,""display_name"", ""ORDER_TIME"", ""OrderStatus""","where ""proc_name"" ~* 'intubation'",,
uti_approx,yes,no,"""Notes""","distinct ""CSN_ID"" visit_id, ""SPEC_NOTE_TIME_DTTM"" tsp, True","where lower(""NOTE_TEXT"") like any ('{""% uti %""}') and not lower(""NOTE_TEXT"") like any ('{""%history of uti%"",""% ho uti%"",""% ro uti%"",""% r/o uti%"",""%suggestive of uti%"",""%hx of uti%"",""%uti resolved%""}')",,
pneumonia_approx,yes,no,"""Notes""","distinct ""CSN_ID"" visit_id, ""SPEC_NOTE_TIME_DTTM"", True","where lower(""NOTE_TEXT"") like any ('{""%pneumonia%"",""% pna %"", ""% cap %"",""%sputum culture for afb%""}') and not lower(""NOTE_TEXT"") like any ('{""%history of[a-z ,]*pneumonia%"",""%evaluate for pneumonia%"",""%hx of pneumonia%"",""%h/o pneumonia%"",""%r/o [a-z ,]*pneumonia%""}')",,
urosepsis_approx,yes,no,"""Notes""","distinct ""CSN_ID"" visit_id, ""SPEC_NOTE_TIME_DTTM"", True","WHERE lower(""NOTE_TEXT"") LIKE ANY ('{""% uti %"",""% urinary source%"",""% urinary tract infection%"", ""%urosepsis%"",""%pyelonephritis%"",""%pyelo %""}') ",,
biliary_sepsis_approx,yes,no,"""Notes""","distinct ""CSN_ID"" visit_id, ""SPEC_NOTE_TIME_DTTM"", True","WHERE lower(""NOTE_TEXT"") LIKE ANY ('{""%biliary sepsis%"",""%cholecystitis%"",""%ascending cholangitis%"",""%cholelithiasis%"",""%gall stones%"",""%hepatic abscess%""}')",,
peritonitis_approx,yes,no,"""Notes""","distinct ""CSN_ID"" visit_id, ""SPEC_NOTE_TIME_DTTM"", True","WHERE lower(""NOTE_TEXT"") LIKE ANY ('{""%intra abdominal sepsis%"",""%abdominal catastrophe%"",""%perforated viscous%"",""%free air%"",""%pneumoperitoneum%"",""%pneumotosis%"",""%peritonitis%"",""%spontaneous bacterial peritonitis%"",""%gut translocation%"",""%c.diff%"",""%colitis%"",""%peritoneal abscess%""}')",,
pneumonia_sepsis_approx,yes,no,"""Notes""","distinct ""CSN_ID"" visit_id, ""SPEC_NOTE_TIME_DTTM"", True","WHERE lower(""NOTE_TEXT"") LIKE ANY ('{""%pneumonia%"",""% ards %"",""%acute lung injury%"",""% ali %"",""%aspiration%"",""%empyema%""}')",,
line_sepsis_approx,yes,no,"""Notes""","distinct ""CSN_ID"" visit_id, ""SPEC_NOTE_TIME_DTTM"", True","WHERE lower(""NOTE_TEXT"") LIKE ANY ('{""%blood stream infection%"",""%line sepsis%"",""%endocarditis%""}')",,
cellulitis_approx,yes,no,"""Notes""","distinct ""CSN_ID"" visit_id, ""SPEC_NOTE_TIME_DTTM"", True","WHERE lower(""NOTE_TEXT"") LIKE ANY ('{""%cellulitis%"",""%abscess%""}') and not lower(""NOTE_TEXT"") like any ('{""%peritoneal abscess%""}')",,
ards_approx,yes,no,"""Notes""","distinct ""CSN_ID"" visit_id, ""SPEC_NOTE_TIME_DTTM"", True","where lower(""NOTE_TEXT"") like any ('{""% ards %"", ""% acute respiratory distress syndrome %"", ""% ardsnet %""}') and not lower(""NOTE_TEXT"") ~ '(at risk for|evaluate for|reevaluate for|history of|h/o|ho|hx|rule out|r/o|ro|possible|resolved|suspicion of|suspicious of|suggestive of) (ards|acute respiratory distress syndrome)'",,
chloride,yes,no,"""Labs""","""BASE_NAME"", ""RESULT_TIME"", ""ResultValue"", ""REFERENCE_UNIT""","WHERE ""BASE_NAME"" = 'CL'",convert_lab_value_to_real,
"cms_antibiotics, crystalloid_fluid, vasopressors_dose",,,,,,etl.transforms.pipelines.clarity_2_cdm_pd.pull_medication_admin,
"cms_antibiotics_order, crystalloid_fluid_order, vasopressors_dose_order",,,,,,etl.transforms.pipelines.clarity_2_cdm_pd.pull_med_orders,
bands,,,,,,etl.transforms.pipelines.clarity_2_cdm_pd.bands,
lactate_order,,,,,,etl.transforms.pipelines.clarity_2_cdm_pd.pull_order_procs,
blood_culture_order,,,,,,etl.transforms.pipelines.clarity_2_cdm_pd.pull_order_procs,
bipap,yes,no,"""OrderProcs_643""","""CSN_ID"" visit_id,""PROC_START_TIME"", ""PROC_ENDING_TIME""","WHERE ""OrderProcId"" in ('67479', '38825')",convert_proc_to_boolean,
cpap,yes,no,"""OrderProcs_643""","""CSN_ID"" visit_id,""PROC_START_TIME"", ""PROC_ENDING_TIME""","WHERE ""OrderProcId"" in ('67479', '38817', '38819', '38821', '38823', '55910', '100294', '100296', '100298', '100300', '304267')",convert_proc_to_boolean,
map,yes,no,"""FlowsheetValue_643""","""FLO_MEAS_NAME"", ""TimeTaken"", ""Value""","WHERE ""FLO_MEAS_ID"" in ('306270', '301360', '301250', '1120100022', '111301360', '212301360', '450070')",,
note,,,,,,etl.transforms.pipelines.clarity_2_cdm_pd.notes,
adt_arrival_time,yes,no,"""Demographics""","""ADT_ARRIVAL_TIME""","WHERE ""ADT_ARRIVAL_TIME"" is not null",,
hosp_admsn_time,yes,no,"""Demographics""","""HOSP_ADMSN_TIME""","WHERE ""HOSP_ADMSN_TIME"" is not null",,
bnp,yes,no,"""Labs""","""BASE_NAME"", ""RESULT_TIME"", ""ResultValue""","where ""COMPONENT_ID""  = ANY('{8100004188, 9000000516, 9700000141, 4000001279, 8100000292, 7000002083, 3000001261, 4000000283, 8200003476, 970000223, 9000000586, 4000000593, 2000001245}');",,
labetalol,yes,no,"""FlowsheetValue""","""FLO_MEAS_NAME"", ""TimeTaken"", ""Value""","where ""FLO_MEAS_ID"" = '3040101268'",,
height,yes,no,"""FlowsheetValue_643""","""FLO_MEAS_NAME"", ""TimeTaken"", ""Value""","where ""FLO_MEAS_NAME"" ilike 'HEIGHT' and ""Value"" is not Null and ""Value""::float between 22 and 108",,convert_to_cm
bmi,yes,no,"""FlowsheetValue_643""","""FLO_MEAS_NAME"", ""TimeTaken"", ""Value""","where ""FLO_MEAS_NAME"" ilike '%BMI%'",,
acute_heart_failure_icd9_diag,yes,no,"""Diagnoses""","""Code""","where ""Code"" like any ('{ ""402.01%"", ""402.11%"", ""402.91%"", ""425.1%"", ""425.4%"", ""425.5%"", ""425.7%"", ""425.8%"", ""425.9%"", ""428.0%"", ""428.1%"", ""428.2%"", ""428.21%"", ""428.22%"", ""428.23%"", ""428.3%"", ""428.31%"", ""428.32%"", ""428.33%"", ""428.4%"", ""428.41%"", ""428.42%"", ""428.43%"", ""428.9%""}')",,
acute_heart_failure_icd9_hist,yes,no,"""MedicalHistory""","""Code""","where ""Code"" like any ('{ ""402.01%"", ""402.11%"", ""402.91%"", ""425.1%"", ""425.4%"", ""425.5%"", ""425.7%"", ""425.8%"", ""425.9%"", ""428.0%"", ""428.1%"", ""428.2%"", ""428.21%"", ""428.22%"", ""428.23%"", ""428.3%"", ""428.31%"", ""428.32%"", ""428.33%"", ""428.4%"", ""428.41%"", ""428.42%"", ""428.43%"", ""428.9%""}')",,
acute_heart_failure_icd9_prob,yes,no,"""ProblemList""","""csn_id"" visit_id, code","where code like any ('{ ""402.01%"", ""402.11%"", ""402.91%"", ""425.1%"", ""425.4%"", ""425.5%"", ""425.7%"", ""425.8%"", ""425.9%"", ""428.0%"", ""428.1%"", ""428.2%"", ""428.21%"", ""428.22%"", ""428.23%"", ""428.3%"", ""428.31%"", ""428.32%"", ""428.33%"", ""428.4%"", ""428.41%"", ""428.42%"", ""428.43%"", ""428.9%""}')",,
isosorbide_dinitrate_dose,no,yes,"""MedicationAdministration""","""MEDICATION_ID"",""MedRoute"",""display_name"", ""TimeActionTaken"", ""ORDER_INST"", ""ActionTaken"", ""Dose"", ""MedUnit"",""INFUSION_RATE"",""MAR_INF_RATE_UNIT"",""mar_duration"",""MAR_DURATION_UNIT""",where display_name ilike '%isosorbide dinitrate%',convert_to_mg,
losartan_dose,no,yes,"""MedicationAdministration""","""MEDICATION_ID"",""MedRoute"",""display_name"", ""TimeActionTaken"", ""ORDER_INST"", ""ActionTaken"", ""Dose"", ""MedUnit"",""INFUSION_RATE"",""MAR_INF_RATE_UNIT"",""mar_duration"",""MAR_DURATION_UNIT""",where display_name ilike '%losartan%',convert_to_mg,
valsartan_dose,no,yes,"""MedicationAdministration""","""MEDICATION_ID"",""MedRoute"",""display_name"", ""TimeActionTaken"", ""ORDER_INST"", ""ActionTaken"", ""Dose"", ""MedUnit"",""INFUSION_RATE"",""MAR_INF_RATE_UNIT"",""mar_duration"",""MAR_DURATION_UNIT""", where display_name ilike '%valsartan%' and display_name not ilike '%acubitril%' ,convert_to_mg,
sacubitril_valsartan_dose,no,yes,"""MedicationAdministration""","""MEDICATION_ID"",""MedRoute"",""display_name"", ""TimeActionTaken"", ""ORDER_INST"", ""ActionTaken"", ""Dose"", ""MedUnit"",""INFUSION_RATE"",""MAR_INF_RATE_UNIT"",""mar_duration"",""MAR_DURATION_UNIT""",where display_name ilike '%sacubitril_valsartan%',convert_to_mg,
furosemide_IV_dose,no,yes,"""MedicationAdministration""","""MEDICATION_ID"",""MedRoute"",""display_name"", ""TimeActionTaken"", ""ORDER_INST"", ""ActionTaken"", ""Dose"", ""MedUnit"",""INFUSION_RATE"",""MAR_INF_RATE_UNIT"",""mar_duration"",""MAR_DURATION_UNIT""","where display_name ilike '%furosemide%' and ""MedRoute"" = 'Intravenous'",convert_to_mg,
mech_cardiac_support_device,yes,no,"""OrderProcs_643""","""CSN_ID"" visit_id,""PROC_START_TIME"", ""PROC_ENDING_TIME""","where ""OrderStatus"" = 'Completed' and ""OrderProcId""::float = any ('{165547, 100019, 101181, 101462, 110189, 88472, 102659, 132829, 70526, 132833, 132837, 132841, 132845, 132849, 115282, 115487, 35162, 165835, 133001, 133005, 133009}')",convert_proc_to_boolean,
norepinephrine_dose,no,yes,"""MedicationAdministration""","""MEDICATION_ID"",""MedRoute"",""display_name"", ""TimeActionTaken"", ""ORDER_INST"", ""ActionTaken"", ""Dose"", ""MedUnit"",""INFUSION_RATE"",""MAR_INF_RATE_UNIT"",""mar_duration"",""MAR_DURATION_UNIT""","WHERE ""display_name"" ILIKE '%norepinephrine%' AND NOT ""display_name"" ILIKE ANY ('{""%gel%"",""%vaginal%"",""%cream%"",""%ophthalmic%"",""%ointment%"",""%nebulizer%"",""%drop%""}')",convert_to_mcg_kg_min,
eeg_proc,yes,no,"""OrderProcs""","""CSN_ID"" visit_id,""display_name"", ""ORDER_TIME"", ""OrderStatus""",where proc_name ilike '%eeg%',convert_proc_to_json,
arterial_blood_gas_proc,yes,no,"""OrderProcs""","""CSN_ID"" visit_id,""display_name"", ""ORDER_TIME"", ""OrderStatus""",where proc_name ilike '%blood gas%' and proc_name ilike '%arterial%' and "OrderStatus" != 'Canceled';,convert_proc_to_json,
troponin_proc,yes,no,"""OrderProcs""","""CSN_ID"" visit_id,""display_name"", ""ORDER_TIME"", ""OrderStatus""",where proc_name ilike '%troponin%',convert_proc_to_json,
telemetry_proc,yes,no,"""OrderProcs""","""CSN_ID"" visit_id,""display_name"", ""ORDER_TIME"", ""OrderStatus""",where proc_name ilike '%TELEMETRY MONITORING%',convert_proc_to_json,
glucose,yes,no,"""Labs""","""BASE_NAME"", ""RESULT_TIME"", ""ResultValue"", ""REFERENCE_UNIT""","where ""NAME"" in ('GLUCOSE', 'GLUCOSE, WHOLE BLOOD','NOVA-GLUCOSE,WBLOOD','POC GLUCOSE, BLOOD')",,